id,firstName,lastName,email,gender
1,Diana,Coleman,dcoleman0@i2i.jp,Female
2,Kevin,Gray,kgray1@nih.gov,Male
3,Henry,Barnes,hbarnes2@163.com,Male
4,Brandon,Harris,bharris3@list-manage.com,Male
5,Patricia,Green,pgreen4@statcounter.com,Female
6,Robin,Ford,rford5@usda.gov,Female
7,Sandra,Stevens,sstevens6@nsw.gov.au,Female
8,Dennis,Mitchell,dmitchell7@edublogs.org,Male
9,Kenneth,Hart,khart8@istockphoto.com,Male
10,Richard,Pierce,rpierce9@hugedomains.com,Male
11,Andrew,Russell,arussella@google.com.hk,Male
12,Gregory,Henderson,ghendersonb@miibeian.gov.cn,Male
13,Phillip,Chapman,pchapmanc@yelp.com,Male
14,Andrea,Knight,aknightd@narod.ru,Female
15,Ryan,Davis,rdavise@guardian.co.uk,Male
16,Brian,Adams,badamsf@alibaba.com,Male
17,Debra,Oliver,doliverg@paypal.com,Female
18,Robin,Hicks,rhicksh@github.io,Female
19,Ann,Hicks,ahicksi@booking.com,Female
20,Ruby,Wheeler,rwheelerj@over-blog.com,Female
21,Jesse,Nichols,jnicholsk@ameblo.jp,Male
22,Diane,Montgomery,dmontgomeryl@odnoklassniki.ru,Female
23,Matthew,Garrett,mgarrettm@nih.gov,Male
24,Sharon,Long,slongn@google.ca,Female
25,Debra,Hamilton,dhamiltono@artisteer.com,Female
26,Louise,Hall,lhallp@360.cn,Female
27,Diana,Fowler,dfowlerq@google.com.br,Female
28,Maria,Cook,mcookr@posterous.com,Female
29,Teresa,Reynolds,treynoldss@disqus.com,Female
30,David,Lane,dlanet@myspace.com,Male
31,Kathryn,Black,kblacku@hexun.com,Female
32,Shawn,Wheeler,swheelerv@goo.gl,Male
33,Andrew,George,ageorgew@digg.com,Male
34,Pamela,Morales,pmoralesx@nydailynews.com,Female
35,Michael,Cruz,mcruzy@mashable.com,Male
36,Joe,Moore,jmoorez@fotki.com,Male
37,Jack,Pierce,jpierce10@bloglines.com,Male
38,Thomas,Alvarez,talvarez11@moonfruit.com,Male
39,Kathryn,Williams,kwilliams12@topsy.com,Female
40,George,Carroll,gcarroll13@dot.gov,Male
41,Larry,Cole,lcole14@thetimes.co.uk,Male
42,Judy,Ruiz,jruiz15@istockphoto.com,Female
43,Cheryl,Berry,cberry16@soup.io,Female
44,Chris,Baker,cbaker17@icq.com,Male
45,Larry,Harrison,lharrison18@quantcast.com,Male
46,George,Wheeler,gwheeler19@cnn.com,Male
47,Lois,Shaw,lshaw1a@reverbnation.com,Female
48,Theresa,Lynch,tlynch1b@latimes.com,Female
49,Henry,Jenkins,hjenkins1c@quantcast.com,Male
50,Kenneth,Foster,kfoster1d@blogspot.com,Male
51,Michelle,Mason,mmason1e@who.int,Female
52,Jack,Gonzales,jgonzales1f@nydailynews.com,Male
53,Jennifer,Owens,jowens1g@pinterest.com,Female
54,Bruce,Perkins,bperkins1h@github.io,Male
55,Theresa,Gordon,tgordon1i@webs.com,Female
56,Raymond,Roberts,rroberts1j@harvard.edu,Male
57,Brenda,Bryant,bbryant1k@behance.net,Female
58,John,Ellis,jellis1l@tmall.com,Male
59,Julie,Robertson,jrobertson1m@lycos.com,Female
60,Aaron,Owens,aowens1n@edublogs.org,Male
61,Christopher,Kim,ckim1o@princeton.edu,Male
62,Peter,Reynolds,preynolds1p@yandex.ru,Male
63,Carolyn,Wood,cwood1q@mlb.com,Female
64,Dorothy,Moore,dmoore1r@alibaba.com,Female
65,Annie,Anderson,aanderson1s@cdc.gov,Female
66,Harry,Garza,hgarza1t@usa.gov,Male
67,Doris,Morris,dmorris1u@google.ru,Female
68,Kelly,Ford,kford1v@geocities.com,Female
69,Richard,Watkins,rwatkins1w@java.com,Male
70,Lori,Alexander,lalexander1x@princeton.edu,Female
71,Walter,Austin,waustin1y@disqus.com,Male
72,Randy,Lawson,rlawson1z@dot.gov,Male
73,Louise,Banks,lbanks20@godaddy.com,Female
74,Ruby,Elliott,relliott21@cloudflare.com,Female
75,Donna,Ellis,dellis22@blog.com,Female
76,Joe,Barnes,jbarnes23@wisc.edu,Male
77,Richard,Adams,radams24@simplemachines.org,Male
78,Denise,Mason,dmason25@storify.com,Female
79,Annie,Jones,ajones26@google.com,Female
80,Wanda,Moreno,wmoreno27@clickbank.net,Female
81,Judith,Vasquez,jvasquez28@si.edu,Female
82,Sandra,Robinson,srobinson29@newsvine.com,Female
83,Aaron,Hansen,ahansen2a@ebay.co.uk,Male
84,Kimberly,Ramos,kramos2b@seesaa.net,Female
85,Ruby,Stephens,rstephens2c@businesswire.com,Female
86,William,Price,wprice2d@phoca.cz,Male
87,Alan,Jordan,ajordan2e@cbsnews.com,Male
88,Randy,Stone,rstone2f@businessinsider.com,Male
89,Irene,Willis,iwillis2g@admin.ch,Female
90,Ashley,Ferguson,aferguson2h@sphinn.com,Female
91,Billy,Williams,bwilliams2i@typepad.com,Male
92,William,Little,wlittle2j@unblog.fr,Male
93,Denise,Cruz,dcruz2k@networkadvertising.org,Female
94,Martin,Wheeler,mwheeler2l@vimeo.com,Male
95,Kelly,West,kwest2m@shareasale.com,Female
96,Melissa,Castillo,mcastillo2n@yahoo.co.jp,Female
97,Dennis,Hill,dhill2o@spotify.com,Male
98,Lois,Torres,ltorres2p@google.fr,Female
99,Sharon,Hayes,shayes2q@geocities.com,Female
100,Brian,Jones,bjones2r@cnn.com,Male